goalid,team,against,date,time_of_goal,location,home_away,scorer,Penalty (Y/N),price_of_scorer,assist,price_of_assister
1,Hull City,Leicester City,13/08/2016,30-45,KCOM Stadium,Home,A. Diomande,,1.7m,,
2,Leicester City,Hull City,13/08/2016,45-60,KCOM Stadium,Away,R. Mahrez,,0.2m,,
3,Hull City,Leicester City,13/08/2016,45-60,KCOM Stadium,Home,R. Snodgrass,,,,
4,Swansea City,Burnley,13/08/2016,45-60,Turf Moor,Away,L. Fer,,,,
5,WBA,Crystal Palace,13/08/2016,60-75,Selhurst Park,Away,S. Rondon,,,,
6,Everton,Tottenham,13/08/2016,0-15,Goodison Park,Home,R. Barkley,,,,
7,Spurs,Everton,13/08/2016,45-60,Goodison Park,Away,E. Lamela,,,,
8,Middlesbrough,Stoke City,13/08/2016,0-15,Riverside,Home,A. Negredo,,,,
9,Stoke City,Middlesbrough,13/08/2016,60-75,Riverside,Away,X. Shaqiri,,,,
10,Watford,Southampton,13/08/2016,0-15,St. Mary's,Away,E. Capoue,,,,
11,Southampton,Watford,13/08/2016,45-60,St. Mary's,Home,N. Redmond,,,,
12,Man City,Sunderland,13/08/2016,0-15,Etihad,Home,S. Aguero,,,,
13,Sunderland,Man City,13/08/2016,60-75,Etihad,Away,J. Defoe,,,,
14,Man City,Sunderland,13/08/2016,75-90,Etihad,Home,OG (P. McNair),,,,
15,Man United,Bournemouth,14/08/2016,30-45,Dean Court,Away,J. Mata,,,,
16,Man United,Bournemouth,14/08/2016,45-60,Dean Court,Away,W. Rooney,,,,
17,Man United,Bournemouth,14/08/2016,60-75,Dean Court,Away,Z. Ibrahimovic,,,,
18,Bournemouth,Man United,14/08/2016,60-75,Dean Court,Home,A. Smith,,,,
19,Arsenal,Liverpool,14/08/2016,30-45,Emirates,Home,T. Walcott,,,,
20,Liverpool,Arsenal,14/08/2016,30-45,Emirates,Away,P. Coutinho,,,,
21,Liverpool,Arsenal,14/08/2016,45-60,Emirates,Away,A. Lallana,,,,
22,Liverpool,Arsenal,14/08/2016,45-60,Emirates,Away,P. Coutinho,,,,
23,Liverpool,Arsenal,14/08/2016,60-75,Emirates,Away,S. Mane,,,,
24,Arsenal,Liverpool,14/08/2016,60-75,Emirates,Home,A. Oxlade-Chamberlain,,,,
25,Arsenal,Liverpool,14/08/2016,75-90,Emirates,Home,C. Chambers,,,,
26,Chelsea,West Ham,15/08/2016,45-60,Stamford Bridge,Home,E. Hazard,,,,
27,West Ham,Chelsea,15/08/2016,75-90,Stamford Bridge,Away,J. Collins,,,,
28,Chelsea,West Ham,15/08/2016,75-90,Stamford Bridge,Home,D. Costa,,,,
29,Man United,Southampton,19/08/2016,30-45,Old Trafford,Home,Z. Ibrahimovic,,,,
30,Man United,Southampton,19/08/2016,45-60,Old Trafford,Home,Z. Ibrahimovic,,,,
31,WBA,Everton,20/08/2016,0-15,The Hawthrons,Home,G. McAuley,,,,
32,Everton,WBA,20/08/2016,30-45,The Hawthrons,Away,K. Mirallas,,,,
33,Everton,WBA,20/08/2016,75-90,The Hawthrons,Away,G. Barry,,,,
34,Watford,Chelsea,20/08/2016,15-30,Vicarage Road,Home,E. Capoue,,,,
35,Chelsea,Watford,20/08/2016,75-90,Vicarage Road,Away,M. Batshuayi,,,,
36,Chelsea,Watford,20/08/2016,75-90,Vicarage Road,Away,D. Costa,,,,
37,Spurs,Crystal Palace,20/08/2016,75-90,White Hart Lane,Home,V. Wanyama,,,,
38,Hull City,Swansea City,20/08/2016,75-90,Liberty,Away,S. Maloney,,,`,
39,Swansea City,Hull City,20/08/2016,75-90,Liberty,Away,A. Hernandez,,,,
40,Burnley,Liverpool,20/08/2016,0-15,Turf Moor,Home,S. Vokes,,,,
41,Burnley,Liverpool,20/08/2016,30-45,Turf Moor,Home,A. Gray,,,,
42,Man City,Stoke City,20/08/2016,15-30,bet365 Stadium,Away,S. Aguero,,,,
43,Man City,Stoke City,20/08/2016,30-45,bet365 Stadium,Away,S. Aguero,,,,
44,Stoke City,Man City,20/08/2016,45-60,bet365 Stadium,Home,B. Krkic,,,,
45,Man City,Stoke City,20/08/2016,75-90,bet365 Stadium,Away,Nolito,,,,
46,Man City,Stoke City,20/08/2016,75-90,bet365 Stadium,Away,Nolito,,,,
47,Middlesbrough,Sunderland,21/08/2016,0-15,Stadium of Light,Away,C. Stuani,,,,
48,Middlesbrough,Sunderland,21/08/2016,30-45,Stadium of Light,Away,C. Stuani,,,,
49,Sunderland,Middlesbrough,21/08/2016,60-75,Stadium of Light,Home,P. Van Aanholt,,,,
50,West Ham,Bournemouth,21/08/2016,75-90,Olympic Stadium,Home,M. Antonio,,,,
51,Liverpool,Spurs,27/08/2016,30-45,White Hart Lane,Away,J. Milner,,,,
52,Spurs,Liverpool,27/08/2016,60-75,White Hart Lane,Home,D. Rose,,,,
53,Chelsea,Burnley,27/08/2016,0-15,Stamford Bridge,Home,E. Hazard,,,,
54,Chelsea,Burnley,27/08/2016,30-45,Stamford Bridge,Home,Willian,,,,
55,Chelsea,Burnley,27/08/2016,75-90,Stamford Bridge,Home,V. Moses,,,,
56,Bournemouth,Crystal Palace,27/08/2016,0-15,Selhurst Park,Away,J. King,,,,
57,Crystal Palace,Bournemouth,27/08/2016,75-90,Selhurst Park,Home,S. Dann,,,,
58,Everton,Stoke City,27/08/2016,45-60,Goodison Park,Home,OG (S. Given),,,,
59,Leicester City,Swansea City,27/08/2016,30-45,King Power,Home,J. Vardy,,,,
60,Leicester City,Swansea City,27/08/2016,45-60,King Power,Home,W. Morgan,,,,
61,Swansea City,Leicester City,27/08/2016,75-90,King Power,Away,L. Fer,,,,
62,Sunderland,Southampton,27/08/2016,75-90,St. Mary's,Away,J Defoe,,,,
63,Southampton,Sunderland,27/08/2016,75-90,St. Mary's,Home,J Rodriguez,,,,
64,Arsenal,Watford,27/08/2016,0-15,Vicarage Road,Away,S. Cazorla,,,,
65,Arsenal,Watford,27/08/2016,30-45,Vicarage Road,Away,A. Sanchez,,,,
66,Arsenal,Watford,27/08/2016,30-45,Vicarage Road,Away,M. Ozil,,,,
67,Watford,Arsenal,27/08/2016,45-60,Vicarage Road,Home,R. Pererya,,,,
68,Man United,Hull City,27/08/2016,75-90,KCOM Stadium,Away,M. Rashford,,,,
69,Man City,West Ham,28/08/2016,0-15,Etihad,Home,R. Sterling,,,,
70,Man City,West Ham,28/08/2016,15-30,Etihad,Home,Fernandinho,,,,
71,West Ham,Man City,28/08/2016,45-60,,Away,M. Antonio,,,,
72,Man City,West Ham,28/08/2016,75-90,,Home,R. Sterling,,,,
73,Man City,Man United,10/09/2016,0-15,,Away,K. De Bruyne,,,,
74,Man City,Man United,10/09/2016,30-45,,Away,K. Iheanacho,,,,
75,Man United,Man City,10/09/2016,45-60,,Home,Z. Ibrahimovic,,,,
76,Bournemouth,WBA,10/09/2016,75-90,,Home,C. Wilson,,,,
77,Southampton,Arsenal,10/09/2016,15-30,,Away,OG (P. Cech),,,,
78,Arsenal,Southampton,10/09/2016,15-30,,Home,L. Koscielny,,,,
79,Arsenal,Southampton,10/09/2016,75-90,,Home,S Cazorla,,,,
80,Burnley,Hull City,10/09/2016,60-75,,Home,S. Defour,,,,
81,Hull City,Burnley,10/09/2016,75-90,,Away,R. Snodgrass,,,,
82,Spurs,Stoke City,10/09/2016,30-45,,Away,H. Son,,,,
83,Spurs,Stoke City,10/09/2016,45-60,,Away,H. Son,,,,
84,Spurs,Stoke City,10/09/2016,45-60,,Away,D. Alli,,,,
85,Spurs,Stoke City,10/09/2016,60-75,,Away,H. Kane,,,,
86,West Ham,Watford,10/09/2016,0-15,,Home,M. Antonio,,,,
87,West Ham,Watford,10/09/2016,30-45,,Home,M. Antonio,,,,
88,Watford,West Ham,10/09/2016,30-45,,Away,O. Ighalo,,,,
89,Watford,West Ham,10/09/2016,30-45,,Away,T. Deeney,,,,
90,Watford,West Ham,10/09/2016,45-60,,Away,E. Capoue,,,,
91,Watford,West Ham,10/09/2016,60-75,,Away,J. Holebas,,,,
92,Liverpool,Leicester City,10/09/2016,0-15,,Home,R. Firmino,,,,
93,Liverpool,Leicester City,10/09/2016,30-45,,Home,S. Mane,,,,
94,Leicester City,Liverpool,10/09/2016,30-45,,Away,J. Vardy,,,,
95,Liverpool,Leicester City,10/09/2016,45-60,,Home,A. Lallana,,,,
96,Liverpool,Leicester City,10/09/2016,75-90,,Home,R. Firmino,,,,
97,Chelsea,Swansea City,11/09/2016,15-30,,Away,D. Costa,,,,
98,Swansea City,Chelsea,11/09/2016,45-60,,Home,G. Sigurdsson,Y,,,
99,Swansea City,Chelsea,11/09/2016,60-75,,Home,L. Fer,,,,
100,Chelsea,Swansea City,11/09/2016,75-90,,Away,D. Costa,,,,
101,Everton,Sunderland,12/09/2016,60-75,,Away,R. Lukaku,,,,
102,Everton,Sunderland,12/09/2016,60-75,,Away,R. Lukaku,,,,
103,Everton,Sunderland,12/09/2016,60-75,,Away,R. Lukaku,,,,
104,Liverpool,Chelsea,13/09/2016,15-30,,Away,D. Lovren,,,,
105,Liverpool,Chelsea,13/09/2016,30-45,,Away,J. Henderson,,,,
106,Chelsea,Liverpool,13/09/2016,60-75,,Home,D. Costa,,,,
107,Arsenal,Hull City,14/09/2016,15-30,,Away,A. Sanchez,,,,
108,Arsenal,Hull City,14/09/2016,45-60,,Away,T. Walcott,,,,
109,Hull City,Arsenal,14/09/2016,75-90,,Home,R. Snodgrass,,,,
110,Arsenal,Hull City,14/09/2016,75-90,,Away,A. Sanchez,,,,
111,Arsenal,Hull City,14/09/2016,75-90,,Away,G. Xhaka,,,,
112,Leicester City,Burnley,14/09/2016,30-45,,Home,I. Slimani,,,,
113,Leicester City,Burnley,14/09/2016,45-60,,Home,I. Slimani,,,,
114,Leicester City,Burnley,14/09/2016,75-90,,Home,OG (B. Mee),,,,
115,Man City,Bournemouth,14/09/2016,0-15,,Home,K. De Bruyne,,,,
116,Man City,Bournemouth,14/09/2016,15-30,,Home,K. Iheanacho,,,,
117,Man City,Bournemouth,14/09/2016,30-45,,Home,R. Sterling,,,,
118,Man City,Bournemouth,14/09/2016,60-75,,Home,I. Gundogan,,,,
119,WBA,West Ham,14/09/2016,0-15,,Home,N. Chadli,Y,,,
120,WBA,West Ham,14/09/2016,30-45,,Home,S. Rondon,,,,
121,WBA,West Ham,14/09/2016,30-45,,Home,J. McClean,,,,
122,WBA,West Ham,14/09/2016,45-60,,Home,N. Chadli,,,,
123,West Ham,WBA,14/09/2016,60-75,,Away,M. Antonio,,,,
124,West Ham,WBA,14/09/2016,60-75,,Away,M. Lanzini,Y,,,
125,Middlesbrough,Everton,14/09/2016,15-30,,Away,OG (M. Stekelenburg),,,,
126,Everton,Middlesbrough,14/09/2016,30-45,,Home,G. Barry,,,,
127,Everton,Middlesbrough,14/09/2016,30-45,,Home,S. Coleman,,,,
128,Everton,Middlesbrough,14/09/2016,30-45,,Home,R. Lukaku,,,,
129,Watford,Man United,15/09/2016,30-45,,Home,E. Capoue,,,,
130,Man United,Watford,15/09/2016,60-75,,Away,M. Rashford,,,,
131,Watford,Man United,15/09/2016,75-90,,Home,J. Zuniga,,,,
132,Watford,Man United,15/09/2016,75-90,,Home,T. Deeney,Y,,,
133,Crystal Palace,Stoke City,15/09/2016,0-15,,Home,J. Tomkins,,,,
134,Crystal Palace,Stoke City,15/09/2016,0-15,,Home,S . Dann,,,,
135,Crystal Palace,Stoke City,15/09/2016,60-75,,Home,J. McArthur,,,,
136,Crystal Palace,Stoke City,15/09/2016,60-75,,Home,A. Townsend,,,,
137,Stoke City,Crystal Palace,15/09/2016,75-90,,Away,M. Arnautovic,,,,
138,Southampton,Swansea City,15/09/2016,60-75,,Home,C. Austin,,,,
139,Spurs,Sunderland,15/09/2016,45-60,,Home,H. Kane,,,,
140,Man United,Leicester City,24/09/2016,15-30,,Home,C. Smalling,,,,
141,Man United,Leicester City,24/09/2016,30-45,,Home,J. Mata,,,,
142,Man United,Leicester City,24/09/2016,30-45,,Home,M. Rashford,,,,
143,Man United,Leicester City,24/09/2016,30-45,,Home,P. Pogba,,,,
144,Leicester City,Man United,24/09/2016,45-60,,Away,D. Gray,,,,
145,Bournemouth,Everton,24/09/2016,15-30,,Home,J. Stanislas,,,,
146,Liverpool,Hull City,24/09/2016,15-30,,Home,A. Lallana,,,,
147,Liverpool,Hull City,24/09/2016,15-30,,Home,J. Milner,Y,,,
148,Liverpool,Hull City,24/09/2016,30-45,,Home,S. Mane,,,,
149,Hull City,Liverpool,24/09/2016,45-60,,Away,D. Meyler,,,,
150,Liverpool,Hull City,24/09/2016,45-60,,Home,P. Coutinho,,,,
151,Liverpool,Hull City,24/09/2016,60-75,,Home,J. Milner,Y,,,
152,Spurs,Middlesbrough,24/09/2016,0-15,,Away,H. Son,,,,
153,Spurs,Middlesbrough,24/09/2016,15-30,,Away,H. Son,,,,
154,Middlesbrough,Spurs,24/09/2016,60-75,,Home,D. Gibson,,,,
155,Stoke City,WBA,24/09/2016,75-90,,Home,J. Allen,,,,
156,WBA,Stoke City,24/09/2016,75-90,,Away,S. Rondon,,,,
157,Sunderland,Crystal Palace,24/09/2016,30-45,,Home,J. Defoe,,,,
158,Sunderland,Crystal Palace,24/09/2016,45-60,,Home,J. Defoe,,,,
159,Crystal Palace,Sunderland,24/09/2016,60-75,,Away,J. Ledley,,,,
160,Crystal Palace,Sunderland,24/09/2016,75-90,,Away,J. McArthur,,,,
161,Crystal Palace,Sunderland,24/09/2016,75-90,,Away,C. Benteke,,,,
162,Man City,Swansea City,24/09/2016,0-15,,Away,S. Aguero,,,,
163,Swansea City,Man City,24/09/2016,0-15,,Home,F. Llorente,,,,
164,Man City,Swansea City,24/09/2016,60-75,,Away,S. Aguero,Y,,,
165,Man City,Swansea City,24/09/2016,75-90,,Away,R. Sterling,,,,
166,Arsenal,Chelsea,24/09/2016,0-15,,Home,A. Sanchez,,,,
167,Arsenal,Chelsea,24/09/2016,0-15,,Home,T. Walcott,,,,
168,Arsenal,Chelsea,24/09/2016,30-45,,Home,M. Ozil,,,,
169,Southampton,West Ham,25/09/2016,30-45,,Away,C. Austin,,,,
170,Southampton,West Ham,25/09/2016,60-75,,Away,D. Tadic,,,,
171,Southampton,West Ham,25/09/2016,75-90,,Away,J. Ward-Prowse,,,,
172,Burnley,Watford,26/09/2016,30-45,,Home,J. Hendrick,,,,
173,Burnley,Watford,26/09/2016,45-60,,Home,M. Keane,,,,
174,Everton,Crystal Palace,30/09/2016,30-45,,Home,R. Lukaku,,,,
175,Crystal Palace,Everton,30/09/2016,45-60,,Away,C. Benteke,,,,
176,Swansea City,Liverpool,01/10/2016,0-15,,Home,L. Fer,,,,
177,Liverpool,Swansea City,01/10/2016,45-60,,Away,R. Firmino,,,,
178,Liverpool,Swansea City,01/10/2016,75-90,,Away,J. Milner,Y,,,
179,Chelsea,Hull City,01/10/2016,60-75,,Away,Willian,,,,
180,Chelsea,Hull City,01/10/2016,60-75,,Away,D. Costa,,,,
181,WBA,Sunderland,01/10/2016,30-45,,Away,N. Chadli,,,,
182,Sunderland,WBA,01/10/2016,75-90,,Home,P. Van Aanholt,,,,
183,Bournemouth,Watford,01/10/2016,30-45,,Away,C. Wilson,,,,
184,Watford,Bournemouth,01/10/2016,45-60,,Home,T. Deeney,,,,
185,Bournemouth,Watford,01/10/2016,60-75,,Away,J. King,,,,
186,Watford,Bournemouth,01/10/2016,60-75,,Home,I. Success,,,,
187,Middlesbrough,West Ham,01/10/2016,45-60,,Away,C. Stuani,,,,
188,West Ham,Middlesbrough,01/10/2016,45-60,,Home,D. Payet,,,,
189,Man United,Stoke City,02/10/2016,60-75,,Home,A. Martial,,,,
190,Stoke City,Man United,02/10/2016,75-90,,Away,J. Allen,,,,
191,Spurs,Man City,02/10/2016,0-15,,Home,OG (A. Kolarov),,,,
192,Spurs,Man City,02/10/2016,30-45,,Home,D. Alli,,,,
193,Arsenal,Burnley,02/10/2016,75-90,,Away,L. Koscielny,,,,
194,Chelsea,Leicester City,15/10/2016,0-15,,Home,D. Costa,,,,
195,Chelsea,Leicester City,15/10/2016,30-45,,Home,E. Hazard,,,,
196,Chelsea,Leicester City,15/10/2016,75-90,,Home,V. Moses,,,,
197,Bournemouth,Hull City,15/10/2016,0-15,,Home,C. Daniels,,,,
198,Hull City,Bournemouth,15/10/2016,30-45,,Away,R. Mason,,,,
199,Bournemouth,Hull City,15/10/2016,30-45,,Home,S. Cook,,,,
200,Bournemouth,Hull City,15/10/2016,30-45,,Home,J. Stanislas,Y,,,
201,Bournemouth,Hull City,15/10/2016,60-75,,Home,J. Stanislas,,,,
202,Bournemouth,Hull City,15/10/2016,75-90,,Home,C. Wilson,,,,
203,Bournemouth,Hull City,15/10/2016,75-90,,Home,D. Gosling,,,,
204,Arsenal,Swansea City,15/10/2016,15-30,,Home,T. Walcott,,,,
205,Arsenal,Swansea City,15/10/2016,30-45,,Home,T. Walcott,,,,
206,Swansea City,Arsenal,15/10/2016,30-45,,Away,G. Sigurdsson,,,,
207,Arsenal,Swansea City,15/10/2016,45-60,,Home,M. Ozil,,,,
208,Swansea City,Arsenal,15/10/2016,60-75,,Away,B. Baston,,,,
209,Everton,Man City,15/10/2016,60-75,,Away,R. Lukaku,,,,
210,Man City,Everton,15/10/2016,60-75,,Home,Nolito,,,,
211,Stoke City,Sunderland,15/10/2016,0-15,,Home,J. Allen,,,,
212,Stoke City,Sunderland,15/10/2016,30-45,,Home,J. Allen,,,,
213,WBA,Spurs,15/10/2016,75-90,,Home,N. Chadli,,,,
214,Spurs,WBA,15/10/2016,75-90,,Away,D. Alli,,,,
215,West Ham,Crystal Palace,15/10/2016,15-30,,Away,M. Lanzini,,,,
216,Watford,Middlesbrough,16/10/2016,45-60,,Away,J. Holebas,,,,
217,Southampton,Burnley,16/10/2016,45-60,,Home,C. Austin,,,,
218,Southampton,Burnley,16/10/2016,45-60,,Home,N. Redmond,,,,
219,Southampton,Burnley,16/10/2016,60-75,,Home,C. Austin,Y,,,
220,Burnley,Southampton,16/10/2016,60-75,,Away,S. Vokes,Y,,,
221,Burnley,Everton,22/10/2016,30-45,,Home,S. Vokes,,,,
222,Everton,Burnley,22/10/2016,45-60,,Away,Y. Bolasie,,,,
223,Burnley,Everton,22/10/2016,75-90,,Home,S. Airfield,,,,
224,Stoke City,Hull City,22/10/2016,15-30,,Away,X. Shaqiri,,,,
225,Stoke City,Hull City,22/10/2016,45-60,,Away,X. Shaqiri,,,,
226,Leicester City,Crystal Palace,22/10/2016,30-45,,Home,A. Musa,,,,
227,Leicester City,Crystal Palace,22/10/2016,60-75,,Home,S. Okazaki,,,,
228,Leicester City,Crystal Palace,22/10/2016,75-90,,Home,C. Fuchs,,,,
229,Crystal Palace,Leicester City,22/10/2016,75-90,,Away,Y. Cabaye,,,,
230,West Ham,Sunderland,22/10/2016,75-90,,Home,W. Reid,,,,
231,Liverpool,WBA,22/10/2016,15-30,,Home,S. Mane,,,,
232,Liverpool,WBA,22/10/2016,30-45,,Home,P. Coutinho,,,,
233,WBA,Liverpool,22/10/2016,75-90,,Away,G. McAuley,,,,
234,Southampton,Man City,23/10/2016,15-30,,Away,N. Redmond,,,,
235,Man City,Southampton,23/10/2016,45-60,,Home,K. Iheanacho,,,,
236,Chelsea,Man United,23/10/2016,0-15,,Home,Pedro,,,,
237,Chelsea,Man United,23/10/2016,15-30,,Home,G. Cahill,,,,
238,Chelsea,Man United,23/10/2016,60-75,,Home,E. Hazard,,,,
239,Chelsea,Man United,23/10/2016,60-75,,Home,N. Kante,,,,
240,Arsenal,Sunderland,29/10/2016,15-30,,Away,A. Sanchez,,,,
241,Sunderland,Arsenal,29/10/2016,60-75,,Home,J. Defoe,,,,
242,Arsenal,Sunderland,29/10/2016,60-75,,Away,O. Giroud,,,,
243,Arsenal,Sunderland,29/10/2016,75-90,,Away,O. Giroud,,,,
244,Arsenal,Sunderland,29/10/2016,75-90,,Away,A. Sanchez,,,,
245,Middlesbrough,Bournemouth,29/10/2016,30-45,,Home,G. Ramirez,,,,
246,Middlesbrough,Bournemouth,29/10/2016,45-60,,Home,S. Downing,,,,
247,Spurs,Leicester City,29/10/2016,30-45,,Home,Janssen,Y,,,
248,Leicester City,Spurs,29/10/2016,45-60,,Away,A. Musa,,,,
249,Watford,Hull City,29/10/2016,75-90,,Home,OG (M. Dawson),,,,
250,Man City,WBA,29/10/2016,15-30,,Away,S. Aguero,,,,
251,Man City,WBA,29/10/2016,15-30,,Away,S. Aguero,,,,
252,Man City,WBA,29/10/2016,75-90,,Away,I. Gundogan,,,,
253,Man City,WBA,29/10/2016,75-90,,Away,I. Gundogan,,,,
254,Liverpool,Crystal Palace,29/10/2016,15-30,,Away,E. Can,,,,
255,Crystal Palace,Liverpool,29/10/2016,15-30,,Home,J. McArthur,,,,
256,Liverpool,Crystal Palace,29/10/2016,15-30,,Away,D. Lovren,,,,
257,Crystal Palace,Liverpool,29/10/2016,30-45,,Home,J. McArthur,,,,
258,Liverpool,Crystal Palace,29/10/2016,30-45,,Away,J. Matip,,,,
259,Liverpool,Crystal Palace,29/10/2016,60-75,,Away,R. Firmino,,,,
260,Everton,West Ham,30/10/2016,45-60,,Home,R. Lukaku,,,,
261,Everton,West Ham,30/10/2016,75-90,,Home,R. Barkley,,,,
262,Chelsea,Southampton,30/10/2016,0-15,,Away,E. Hazard,,,,
263,Chelsea,Southampton,30/10/2016,45-60,,Away,D. Costa,,,,
264,Stoke City,Swansea City,31/10/2016,0-15,,Home,W. Bony,,,,
265,Swansea City,Stoke City,31/10/2016,0-15,,Away,W. Routledge,,,,
266,Stoke City,Swansea City,31/10/2016,45-60,,Home,OG (Mawson),,,,
267,Stoke City,Swansea City,31/10/2016,60-75,,Home,W. Bony,,,,
268,Bournemouth,Sunderland,05/11/2016,0-15,,Home,D. Gosling,,,,
269,Sunderland,Bournemouth,05/11/2016,30-45,,Away,V. Anichebe,,,,
270,Sunderland,Bournemouth,05/11/2016,60-75,,Away,J. Defoe,Y,,,
271,Burnley,Crystal Palace,05/11/2016,0-15,,Home,S. Vokes,,,,
272,Burnley,Crystal Palace,05/11/2016,0-15,,Home,Gudmundsson,,,,
273,Crystal Palace,Burnley,05/11/2016,45-60,,Away,C. Wickham,,,,
274,Crystal Palace,Burnley,05/11/2016,75-90,,Away,C. Benteke,,,,
275,Burnley,Crystal Palace,05/11/2016,75-90,,Home,Barnes,,,,
276,Man City,Middlesbrough,05/11/2016,30-45,,Home,S. Aguero,,,,
277,Middlesbrough,Man City,05/11/2016,75-90,,Away,M. De Roon,,,,
278,West Ham,Stoke City,05/11/2016,60-75,,Home,G. Whelan,,,,
279,Stoke City,West Ham,05/11/2016,60-75,,Away,B. Krkic,,,,
280,Chelsea,Everton,05/11/2016,15-30,,Home,E. Hazard,,,,
281,Chelsea,Everton,05/11/2016,15-30,,Home,M. Alonso,,,,
282,Chelsea,Everton,05/11/2016,30-45,,Home,D. Costa,,,,
283,Chelsea,Everton,05/11/2016,45-60,,Home,E. Hazard,,,,
284,Chelsea,Everton,05/11/2016,60-75,,Home,Pedro,,,,
285,Arsenal,Spurs,06/11/2016,30-45,,Home,OG (S. Wimmer),,,,
286,Spurs,Arsenal,06/11/2016,45-60,,Away,H. Kane,Y,,,
287,Southampton,Hull City,06/11/2016,0-15,,Away,C. Austin,Y,,,
288,Hull City,Southampton,06/11/2016,60-75,,Home,R. Snodgrass,,,,
289,Hull City,Southampton,06/11/2016,60-75,,Home,M. Dawson,,,,
290,Liverpool,Watford,06/11/2016,15-30,,Home,S. Mane,,,,
291,Liverpool,Watford,06/11/2016,15-30,,Home,P. Coutinho,,,,
292,Liverpool,Watford,06/11/2016,30-45,,Home,E. Can,,,,
293,Liverpool,Watford,06/11/2016,45-60,,Home,R. Firmino,,,,
294,Liverpool,Watford,06/11/2016,45-60,,Home,S. Mane,,,,
295,Watford,Liverpool,06/11/2016,60-75,,Away,D. Janmaat,,,,
296,Liverpool,Watford,06/11/2016,75-90,,Home,G. Wijnaldum,,,,
297,Man United,Swansea City,06/11/2016,0-15,,Away,P. Pogba,,,,
298,Man United,Swansea City,06/11/2016,15-30,,Away,Z. Ibrahimovic,,,,
299,Man United,Swansea City,06/11/2016,30-45,,Away,Z. Ibrahimovic,,,,
300,Swansea City,Man United,06/11/2016,60-75,,Home,Van Der Hoorn,,,,
301,WBA,Leicester City,06/11/2016,45-60,,Away,J. Morrison,,,,
302,Leicester City,WBA,06/11/2016,45-60,,Home,I. Slimani,,,,
303,WBA,Leicester City,06/11/2016,60-75,,Away,M. Phillips,,,,
304,Man United,Arsenal,19/11/2016,60-75,,Home,J. Mata,,,,
305,Arsenal,Man United,19/11/2016,75-90,,Away,O. Giroud,,,,
306,Man City,Crystal Palace,19/11/2016,30-45,,Away,Y. Toure,,,,
307,Crystal Palace,Man City,19/11/2016,60-75,,Home,C. Wickham,,,,
308,Man City,Crystal Palace,19/11/2016,75-90,,Away,Y. Toure,,,,
309,Swansea City,Everton,19/11/2016,30-45,,Away,G. Sigurdsson,,,,
310,Everton,Swansea City,19/11/2016,75-90,,Home,S. Coleman,,,,
311,Bournemouth,Stoke City,19/11/2016,15-30,,Away,Ake,,,,
312,Sunderland,Hull City,19/11/2016,30-45,,Home,J. Defoe,,,,
313,Sunderland,Hull City,19/11/2016,60-75,,Home,V. Anichebe,,,,
314,Sunderland,Hull City,19/11/2016,75-90,,Home,V. Anichebe,,,,
315,Watford,Leicester City,19/11/2016,0-15,,Home,E. Capoue,,,,
316,Watford,Leicester City,19/11/2016,0-15,,Home,R. Pererya,,,,
317,Leicester City,Watford,19/11/2016,0-15,,Away,R. Mahrez,Y,,,
318,West Ham,Spurs,19/11/2016,15-30,,Away,M. Antonio,,,,
319,Spurs,West Ham,19/11/2016,45-60,,Home,H. Winks,,,,
320,West Ham,Spurs,19/11/2016,60-75,,Away,M. Lanzini,,,,
321,Spurs,West Ham,19/11/2016,75-90,,Home,H. Kane,,,,
322,Spurs,West Ham,19/11/2016,75-90,,Home,H. Kane,,,,
323,Chelsea,Middlesbrough,20/11/2016,30-45,,Away,D. Costa,,,,
324,WBA,Burnley,21/11/2016,0-15,,Home,M. Phillips,,,,
325,WBA,Burnley,21/11/2016,15-30,,Home,J. Morrison,,,,
326,WBA,Burnley,21/11/2016,30-45,,Home,D. Fletcher,,,,
327,WBA,Burnley,21/11/2016,60-75,,Home,S. Rondon,,,,
328,Burnley,Man City,26/11/2016,0-15,,Home,Marney,,,,
329,Man City,Burnley,26/11/2016,30-45,,Away,S. Aguero,,,,
330,Man City,Burnley,26/11/2016,45-60,,Away,S. Aguero,,,,
331,WBA,Hull City,26/11/2016,30-45,,Away,G. McAuley,,,,
332,Hull City,WBA,26/11/2016,60-75,,Home,M. Dawson,,,,
333,Middlesbrough,Leicester City,26/11/2016,0-15,,Away,A. Negredo,,,,
334,Leicester City,Middlesbrough,26/11/2016,30-45,,Home,R. Mahrez,Y,,,
335,Middlesbrough,Leicester City,26/11/2016,60-75,,Away,A. Negredo,,,,
336,Leicester City,Middlesbrough,26/11/2016,75-90,,Home,I. Slimani,Y,,,
337,Liverpool,Sunderland,26/11/2016,75-90,,Home,D. Origi,,,,
338,Liverpool,Sunderland,26/11/2016,75-90,,Home,J. Milner,Y,,,
339,Crystal Palace,Swansea City,26/11/2016,15-30,,Away,W. Zaha,,,,
340,Swansea City,Crystal Palace,26/11/2016,30-45,,Home,G. Sigurdsson,,,,
341,Swansea City,Crystal Palace,26/11/2016,60-75,,Home,L. Fer,,,,
342,Swansea City,Crystal Palace,26/11/2016,60-75,,Home,L. Fer,,,,
343,Crystal Palace,Swansea City,26/11/2016,60-75,,Away,J. Tomkins,,,,
344,Crystal Palace,Swansea City,26/11/2016,75-90,,Away,OG (Cork),,,,
345,Crystal Palace,Swansea City,26/11/2016,75-90,,Away,C. Benteke,,,,
346,Swansea City,Crystal Palace,26/11/2016,75-90,,Home,F. Llorente,,,,
347,Swansea City,Crystal Palace,26/11/2016,75-90,,Home,F. Llorente,,,,
348,Spurs,Chelsea,26/11/2016,0-15,,Away,C. Eriksen,,,,
349,Chelsea,Spurs,26/11/2016,30-45,,Home,Pedro,,,,
350,Chelsea,Spurs,26/11/2016,45-60,,Home,V. Moses,,,,
351,Stoke City,Watford,27/11/2016,15-30,,Away,OG (H. Gomes),,,,
352,Arsenal,Bournemouth,27/11/2016,0-15,,Home,A. Sanchez,,,,
353,Bournemouth,Arsenal,27/11/2016,15-30,,Away,C. Wilson,Y,,,
354,Arsenal,Bournemouth,27/11/2016,45-60,,Home,T. Walcott,,,,
355,Arsenal,Bournemouth,27/11/2016,75-90,,Home,A. Sanchez,,,,
356,West Ham,Man United,27/11/2016,0-15,,Away,Sakho,,,,
357,Man United,West Ham,27/11/2016,15-30,,Home,Z. Ibrahimovic,,,,
358,Southampton,Everton,27/11/2016,0-15,,Home,C. Austin,,,,
359,Man City,Chelsea,03/12/2016,30-45,,Home,OG (G. Cahill),,,,
360,Chelsea,Man City,03/12/2016,45-60,,Away,D. Costa,,,,
361,Chelsea,Man City,03/12/2016,60-75,,Away,Willian,,,,
362,Chelsea,Man City,03/12/2016,75-90,,Away,E. Hazard,,,,
363,Crystal Palace,Southampton,03/12/2016,30-45,,Home,C. Benteke,,,,
364,Crystal Palace,Southampton,03/12/2016,30-45,,Home,J. Tomkins,,,,
365,Crystal Palace,Southampton,03/12/2016,75-90,,Home,C. Benteke,,,,
366,Stoke City,Burnley,03/12/2016,15-30,,Home,J. Walters,,,,
367,Stoke City,Burnley,03/12/2016,30-45,,Home,Muniesa,,,,
368,Sunderland,Leicester City,03/12/2016,60-75,,Home,OG (R. Huth),,,,
369,Sunderland,Leicester City,03/12/2016,75-90,,Home,J. Defoe,,,,
370,Leicester City,Sunderland,03/12/2016,75-90,,Away,S. Okazaki,,,,
371,Spurs,Swansea City,03/12/2016,30-45,,Home,H. Kane,,,,
372,Spurs,Swansea City,03/12/2016,30-45,,Home,H. Son,,,,
373,Spurs,Swansea City,03/12/2016,45-60,,Home,H. Kane,Y,,,
374,Spurs,Swansea City,03/12/2016,60-75,,Home,C. Eriksen,,,,
375,Spurs,Swansea City,03/12/2016,75-90,,Home,C. Eriksen,,,,
376,WBA,Watford,03/12/2016,15-30,,Home,J. Evans,,,,
377,WBA,Watford,03/12/2016,30-45,,Home,C. Brunt,,,,
378,Watford,WBA,03/12/2016,45-60,,Away,Kabasele,,,,
379,WBA,Watford,03/12/2016,75-90,,Home,M. Phillips,,,,
380,Arsenal,West Ham,03/12/2016,15-30,,Away,M. Ozil,,,,
381,Arsenal,West Ham,03/12/2016,60-75,,Away,A. Sanchez,,,,
382,Arsenal,West Ham,03/12/2016,75-90,,Away,A. Sanchez,,,,
383,West Ham,Arsenal,03/12/2016,75-90,,Home,A. Carroll,,,,
384,Arsenal,West Ham,03/12/2016,75-90,,Away,A. Oxlade-Chamberlain,,,,
385,Arsenal,West Ham,03/12/2016,75-90,,Away,A. Sanchez,,,,
386,Liverpool,Bournemouth,04/12/2016,15-30,,Away,S. Mane,,,,
387,Liverpool,Bournemouth,04/12/2016,15-30,,Away,D. Origi,,,,
388,Bournemouth,Liverpool,04/12/2016,45-60,,Home,C. Wilson,Y,,,
389,Liverpool,Bournemouth,04/12/2016,60-75,,Away,E. Can,,,,
390,Bournemouth,Liverpool,04/12/2016,75-90,,Home,R. Fraser,,,,
391,Bournemouth,Liverpool,04/12/2016,75-90,,Home,S. Cook,,,,
392,Bournemouth,Liverpool,04/12/2016,75-90,,Home,Ake,,,,
393,Man United,Everton,04/12/2016,30-45,,Away,Z. Ibrahimovic,,,,
394,Everton,Man United,04/12/2016,75-90,,Home,L. Baines,,,,
395,Middlesbrough,Hull City,05/12/2016,45-60,,Home,G. Ramirez,,,,
396,Everton,Watford,10/12/2016,15-30,,Away,R. Lukaku,,,,
397,Watford,Everton,10/12/2016,30-45,,Home,S. Okaka,,,,
398,Watford,Everton,10/12/2016,45-60,,Home,S. Prodl,,,,
399,Watford,Everton,10/12/2016,60-75,,Home,S. Okaka,,,,
400,Everton,Watford,10/12/2016,75-90,,Away,R. Lukaku,,,,
401,Stoke City,Arsenal,10/12/2016,15-30,,Away,C. Adam,Y,,,
402,Arsenal,Stoke City,10/12/2016,30-45,,Home,T. Walcott,,,,
403,Arsenal,Stoke City,10/12/2016,45-60,,Home,M. Ozil,,,,
404,Arsenal,Stoke City,10/12/2016,60-75,,Home,A. Iwobi,,,,
405,Burnley,Bournemouth,10/12/2016,0-15,,Home,J. Hendrick,,,,
406,Burnley,Bournemouth,10/12/2016,15-30,,Home,S. Ward,,,,
407,Bournemouth,Burnley,10/12/2016,30-45,,Away,B. Afobe,,,,
408,Burnley,Bournemouth,10/12/2016,60-75,,Home,K. Boyd,,,,
409,Bournemouth,Burnley,10/12/2016,75-90,,Away,C. Daniels,,,,
410,Hull City,Crystal Palace,10/12/2016,15-30,,Home,R. Snodgrass,Y,,,
411,Crystal Palace,Hull City,10/12/2016,45-60,,Away,C. Benteke,Y,,,
412,Crystal Palace,Hull City,10/12/2016,60-75,,Away,W. Zaha,,,,
413,Hull City,Crystal Palace,10/12/2016,60-75,,Home,A. Diomande,,,,
414,Hull City,Crystal Palace,10/12/2016,75-90,,Home,J. Livermore,,,,
415,Crystal Palace,Hull City,10/12/2016,75-90,,Away,F. Campbell,,,,
416,Swansea City,Sunderland,10/12/2016,45-60,,Home,G. Sigurdsson,Y,,,
417,Swansea City,Sunderland,10/12/2016,45-60,,Home,F. Llorente,,,,
418,Swansea City,Sunderland,10/12/2016,75-90,,Home,F. Llorente,,,,
419,Leicester City,Man City,10/12/2016,0-15,,Home,J. Vardy,,,,
420,Leicester City,Man City,10/12/2016,0-15,,Home,A. King,,,,
421,Leicester City,Man City,10/12/2016,15-30,,Home,J. Vardy,,,,
422,Leicester City,Man City,10/12/2016,75-90,,Home,J. Vardy,,,,
423,Man City,Leicester City,10/12/2016,75-90,,Away,A. Kolarov,,,,
424,Man City,Leicester City,10/12/2016,75-90,,Away,Nolito,,,,
425,Chelsea,WBA,11/12/2016,75-90,,Home,D. Costa,,,,
426,Man United,Spurs,11/12/2016,15-30,,Home,H. Mkhitaryan,,,,
427,Southampton,Middlesbrough,11/12/2016,45-60,,Home,Boufal,,,,
428,Liverpool,West Ham,11/12/2016,0-15,,Home,A. Lallana,,,,
429,West Ham,Liverpool,11/12/2016,15-30,,Away,D. Payet,,,,
430,West Ham,Liverpool,11/12/2016,30-45,,Away,M. Antonio,,,,
431,Liverpool,West Ham,11/12/2016,45-60,,Home,D. Origi,,,,
432,Bournemouth,Leicester City,13/12/2016,30-45,,Home,M. Pugh,,,,
433,Arsenal,Everton,13/12/2016,15-30,,Away,A. Sanchez,,,,
434,Everton,Arsenal,13/12/2016,30-45,,Home,S. Coleman,,,,
435,Everton,Arsenal,13/12/2016,75-90,,Home,A. Williams,,,,
436,Liverpool,Middlesbrough,14/12/2016,15-30,,Away,A. Lallana,,,,
437,Liverpool,Middlesbrough,14/12/2016,45-60,,Away,D. Origi,,,,
438,Liverpool,Middlesbrough,14/12/2016,60-75,,Away,A. Lallana,,,,
439,Chelsea,Sunderland,14/12/2016,30-45,,Away,C. Fabregas,,,,
440,West Ham,Burnley,14/12/2016,30-45,,Home,M. Noble,,,,
441,Man United,Crystal Palace,14/12/2016,30-45,,Away,P. Pogba,,,,
442,Crystal Palace,Man United,14/12/2016,60-75,,Home,J. McArthur,,,,
443,Man United,Crystal Palace,14/12/2016,75-90,,Away,Z. Ibrahimovic,,,,
444,Man City,Watford,14/12/2016,30-45,,Home,P. Zabaleta,,,,
445,Man City,Watford,14/12/2016,75-90,,Home,D. Silva,,,,
446,Spurs,Hull City,14/12/2016,0-15,,Home,C. Eriksen,,,,
447,Spurs,Hull City,14/12/2016,60-75,,Home,C. Eriksen,,,,
448,Spurs,Hull City,14/12/2016,60-75,,Home,V. Wanyama,,,,
449,WBA,Swansea City,14/12/2016,45-60,,Home,S. Rondon,,,,
450,WBA,Swansea City,14/12/2016,60-75,,Home,S. Rondon,,,,
451,WBA,Swansea City,14/12/2016,60-75,,Home,S. Rondon,,,,
452,Swansea City,WBA,14/12/2016,75-90,,Away,W. Routledge,,,,
453,Chelsea,Crystal Palace,17/12/2016,30-45,,Away,D. Costa,,,,
454,Middlesbrough,Swansea City,17/12/2016,15-30,,Home,A. Negredo,,,,
455,Middlesbrough,Swansea City,17/12/2016,15-30,,Home,A. Negredo,,,,
456,Middlesbrough,Swansea City,17/12/2016,45-60,,Home,M. De Roon,,,,
457,Stoke City,Leicester City,17/12/2016,30-45,,Home,B. Krkic,,,,
458,Stoke City,Leicester City,17/12/2016,30-45,,Home,J. Allen,,,,
459,Leicester City,Stoke City,17/12/2016,60-75,,Away,L. Ulloa,,,,
460,Leicester City,Stoke City,17/12/2016,75-90,,Away,D. Amartey,,,,
461,Sunderland,Watford,17/12/2016,45-60,,Home,P. Van Aanholt,,,,
462,West Ham,Hull City,17/12/2016,75-90,,Home,M. Noble,Y,,,
463,Man United,WBA,17/12/2016,0-15,,Away,Z. Ibrahimovic,,,,
464,Man United,WBA,17/12/2016,45-60,,Away,Z. Ibrahimovic,,,,
465,Bournemouth,Southampton,18/12/2016,0-15,,Home,Ake,,,,
466,Southampton,Bournemouth,18/12/2016,0-15,,Away,R. Bertrand,,,,
467,Southampton,Bournemouth,18/12/2016,45-60,,Away,J. Rodriguez,,,,
468,Southampton,Bournemouth,18/12/2016,75-90,,Away,J. Rodriguez,,,,
469,Arsenal,Man City,18/12/2016,0-15,,Away,T. Walcott,,,,
470,Man City,Arsenal,18/12/2016,45-60,,Home,L. Sane,,,,
471,Man City,Arsenal,18/12/2016,60-75,,Home,R. Sterling,,,,
472,Burnley,Spurs,18/12/2016,15-30,,Away,Barnes,,,,
473,Spurs,Burnley,18/12/2016,15-30,,Home,D. Alli,,,,
474,Spurs,Burnley,18/12/2016,60-75,,Home,D. Rose,,,,
475,Liverpool,Everton,19/12/2016,75-90,,Away,S. Mane,,,,
476,Crystal Palace,Watford,26/12/2016,15-30,,Away,Y. Cabaye,,,,
477,Watford,Crystal Palace,26/12/2016,60-75,,Home,T. Deeney,Y,,,
478,Arsenal,WBA,26/12/2016,75-90,,Home,O. Giroud,,,,
479,Burnley,Middlesbrough,26/12/2016,75-90,,Home,A. Gray,,,,
480,Chelsea,Bournemouth,26/12/2016,15-30,,Home,Pedro,,,,
481,Chelsea,Bournemouth,26/12/2016,45-60,,Home,E. Hazard,Y,,,
482,Chelsea,Bournemouth,26/12/2016,75-90,,Home,OG (S. Cook),,,,
483,Everton,Leicester City,26/12/2016,45-60,,Away,K. Mirallas,,,,
484,Everton,Leicester City,26/12/2016,75-90,,Away,R. Lukaku,,,,
485,Man United,Sunderland,26/12/2016,30-45,,Home,D. Blind,,,,
486,Man United,Sunderland,26/12/2016,75-90,,Home,Z. Ibrahimovic,,,,
487,Man United,Sunderland,26/12/2016,75-90,,Home,H. Mkhitaryan,,,,
488,Sunderland,Man United,26/12/2016,75-90,,Away,F. Borini,,,,
489,West Ham,Swansea City,26/12/2016,0-15,,Away,A. Ayew,,,,
490,West Ham,Swansea City,26/12/2016,45-60,,Away,W. Reid,,,,
491,West Ham,Swansea City,26/12/2016,75-90,,Away,M. Antonio,,,,
492,Swansea City,West Ham,26/12/2016,75-90,,Home,F. Llorente,,,,
493,West Ham,Swansea City,26/12/2016,75-90,,Away,A. Carroll,,,,
494,Man City,Hull City,26/12/2016,60-75,,Away,Y. Toure,Y,,,
495,Man City,Hull City,26/12/2016,75-90,,Away,K. Iheanacho,,,,
496,Man City,Hull City,26/12/2016,75-90,,Away,OG (Curtis Davies),,,,
497,Stoke City,Liverpool,27/12/2016,0-15,,Away,J. Walters,,,,
498,Liverpool,Stoke City,27/12/2016,30-45,,Home,A. Lallana,,,,
499,Liverpool,Stoke City,27/12/2016,30-45,,Home,R. Firmino,,,,
500,Liverpool,Stoke City,27/12/2016,45-60,,Home,OG (Imbula),,,,
501,Liverpool,Stoke City,27/12/2016,60-75,,Home,D. Sturridge,,,,
502,Southampton,Spurs,28/12/2016,0-15,,Home,V. Van Dijk,,,,
503,Spurs,Southampton,28/12/2016,15-30,,Away,D. Alli,,,,
504,Spurs,Southampton,28/12/2016,45-60,,Away,H. Kane,,,,
505,Spurs,Southampton,28/12/2016,75-90,,Away,H. Son,,,,
506,Spurs,Southampton,28/12/2016,75-90,,Away,D. Alli,,,,
507,Hull City,Everton,30/12/2016,0-15,,Home,M. Dawson,,,,
508,Everton,Hull City,30/12/2016,30-45,,Away,OG (D. Marshall),,,,
509,Hull City,Everton,30/12/2016,60-75,,Home,R. Snodgrass,,,,
510,Everton,Hull City,30/12/2016,75-90,,Away,R. Barkley,,,,
511,Burnley,Sunderland,31/12/2016,30-45,,Home,A. Gray,,,,
512,Burnley,Sunderland,31/12/2016,45-60,,Home,A. Gray,,,,
513,Burnley,Sunderland,31/12/2016,45-60,,Home,A. Gray,,,,
514,Burnley,Sunderland,31/12/2016,60-75,,Home,Barnes,Y,,,
515,Sunderland,Burnley,31/12/2016,60-75,,Away,J. Defoe,,,,
516,Chelsea,Stoke City,31/12/2016,30-45,,Home,G. Cahill,,,,
517,Stoke City,Chelsea,31/12/2016,45-60,,Away,M. Indi,,,,
518,Chelsea,Stoke City,31/12/2016,45-60,,Home,Willian,,,,
519,Stoke City,Chelsea,31/12/2016,60-75,,Away,P. Crouch,,,,
520,Chelsea,Stoke City,31/12/2016,60-75,,Home,Willian,,,,
521,Chelsea,Stoke City,31/12/2016,75-90,,Home,D. Costa,,,,
522,Leicester City,West Ham,31/12/2016,15-30,,Home,I. Slimani,,,,
523,Middlesbrough,Man United,31/12/2016,60-75,,Away,G. Leadbitter,,,,
524,Man United,Middlesbrough,31/12/2016,75-90,,Home,A. Martial,,,,
525,Man United,Middlesbrough,31/12/2016,75-90,,Home,P. Pogba,,,,
526,Southampton,WBA,31/12/2016,30-45,,Home,S. Long,,,,
527,WBA,Southampton,31/12/2016,30-45,,Away,M. Phillips,,,,
528,WBA,Southampton,31/12/2016,45-60,,Away,H. Robson-Kanu,,,,
529,Bournemouth,Swansea City,31/12/2016,15-30,,Away,B. Afobe,,,,
530,Bournemouth,Swansea City,31/12/2016,30-45,,Away,R. Fraser ,,,,
531,Bournemouth,Swansea City,31/12/2016,75-90,,Away,J. King,,,,
532,Liverpool,Man City,31/12/2016,0-15,,Home,G. Wijnaldum,,,,
533,Spurs,Watford,01/01/2017,15-30,,Away,H. Kane,,,,
534,Spurs,Watford,01/01/2017,30-45,,Away,H. Kane,,,,
535,Spurs,Watford,01/01/2017,30-45,,Away,D. Alli,,,,
536,Spurs,Watford,01/01/2017,45-60,,Away,D. Alli,,,,
537,Watford,Spurs,01/01/2017,75-90,,Home,Y. Kaboul,,,,
538,Arsenal,Crystal Palace,01/01/2017,15-30,,Home,O. Giroud,,,,
539,Arsenal,Crystal Palace,01/01/2017,45-60,,Home,A. Iwobi,,,,
540,Everton,Southampton,02/01/2017,60-75,,Home,E. Valencia,,,,
541,Everton,Southampton,02/01/2017,75-90,,Home,L. Baines,Y,,,
542,Everton,Southampton,02/01/2017,75-90,,Home,R. Lukaku,,,,
543,Man City,Burnley,02/01/2017,45-60,,Home,G. Clichy,,,,
544,Man City,Burnley,02/01/2017,60-75,,Home,S. Aguero,,,,
545,Burnley,Man City,02/01/2017,60-75,,Away,B. Mee,,,,
546,Liverpool,Sunderland,02/01/2017,15-30,,Away,D. Sturridge,,,,
547,Sunderland,Liverpool,02/01/2017,15-30,,Home,J. Defoe,Y,,,
548,Liverpool,Sunderland,02/01/2017,60-75,,Away,S. Mane,,,,
549,Sunderland,Liverpool,02/01/2017,75-90,,Home,J. Defoe,Y,,,
550,Hull City,WBA,02/01/2017,15-30,,Away,R. Snodgrass,,,,
551,WBA,Hull City,02/01/2017,45-60,,Home,C. Brunt,,,,
552,WBA,Hull City,02/01/2017,60-75,,Home,G. McAuley,,,,
553,WBA,Hull City,02/01/2017,60-75,,Home,J. Morrison,,,,
554,Man United,West Ham,02/01/2017,60-75,,Away,J. Mata,,,,
555,Man United,West Ham,02/01/2017,75-90,,Away,Z. Ibrahimovic,,,,
556,Bournemouth,Arsenal,03/01/2017,15-30,,Home,C. Daniels,,,,
557,Bournemouth,Arsenal,03/01/2017,15-30,,Home,C. Wilson,Y,,,
558,Bournemouth,Arsenal,03/01/2017,45-60,,Home,R. Fraser,,,,
559,Arsenal,Bournemouth,03/01/2017,60-75,,Away,A. Sanchez,,,,
560,Arsenal,Bournemouth,03/01/2017,60-75,,Away,L. Perez,,,,
561,Arsenal,Bournemouth,03/01/2017,75-90,,Away,O. Giroud,,,,
562,Swansea City,Crystal Palace,03/01/2017,30-45,,Away,Mawson,,,,
563,Crystal Palace,Swansea City,03/01/2017,75-90,,Home,A. Rangel,,,,
564,Swansea City,Crystal Palace,03/01/2017,75-90,,Away,W. Zaha,,,,
565,Stoke City,Watford,03/01/2017,30-45,,Home,R. Shawcross,,,,
566,Stoke City,Watford,03/01/2017,45-60,,Home,P. Crouch,,,,
567,Spurs,Chelsea,04/01/2017,30-45,,Home,D. Alli,,,,
568,Spurs,Chelsea,04/01/2017,45-60,,Home,D. Alli,,,,
